曲順,場面,歌／インスト,BPM,① 【Suno】Title欄,元ネタ・洒落のポイント,② 【Suno】Style欄,③ 【Suno】Lyrics欄,④ 【Suno】Exclude Styles欄
1,朝｜夜明けの屋根から修行に出発,歌,100,早起きは三文の徳、屋根の上なら五文の徳,ことわざ「早起きは三文の徳」。屋根の上ならもっと得、という洒落,"Japanese groove pop, upbeat, bright and refreshing, 100 BPM, punchy drums, funky bassline, Japanese shakuhachi, Japanese shamisen, light taiko drums, sunrise feeling, energetic male vocal, Japanese lyrics, Japanese call-and-response chants, male group chorus, head nod","[Intro]
（そーれ）

[Verse]
あさひが　かわらを　そめていく
とりより　はやく　めを　さませ
ずきんを　きゅっと　むすんだら
きょうの　しゅぎょうの　はじまりだ

[Pre-Chorus]
まちは　まだ　ねむってる
いまのうちに　かけだそう

[Chorus]
はやおき（はっ）　さんもん（それ）　とくを　する
やねの　うえなら　ごもんの　とく
とんで　はねて　あさひへ　とどけ
きょうも　いちばん　のりで　いこう

[Instrumental Break]

[Verse]
みそしる　におう　まちかどを
かぜより　はやく　すりぬける
さかなやさんが　てを　ふって
いってらっしゃいと　わらってる

[Pre-Chorus]
まちが　すこし　めを　さます
いまのうちに　かけだそう

[Chorus]
はやおき（はっ）　さんもん（それ）　とくを　する
やねの　うえなら　ごもんの　とく
とんで　はねて　あさひへ　とどけ
きょうも　いちばん　のりで　いこう

[Bridge]
いよっ（いよっ）　そーれ（そーれ）
こえを　あわせて　もういっかい

[Chorus]
はやおき（はっ）　さんもん（それ）　とくを　する
やねの　うえなら　ごもんの　とく
とんで　はねて　あさひへ　とどけ
きょうも　いちばん　のりで　いこう

[Outro]
（そーれ）","dark, horror, scary, English lyrics, rap, epic, cinematic"
2,昼前｜手裏剣の稽古（木の的）,歌,102,当たるも八卦、投げるも手裏剣,ことわざ「当たるも八卦当たらぬも八卦」のもじり,"Japanese groove pop, upbeat, bright and refreshing, 102 BPM, punchy drums, funky bassline, Japanese shakuhachi, Japanese shamisen riffs, crisp percussion, energetic male vocal, Japanese lyrics, Japanese call-and-response chants, male group chorus, head nod","[Intro]
（えいさ）

[Verse]
きの　まとを　ずらりと　ならべ
ひとつ　ふたつと　かぞえたら
てくびを　かえして　しゅっと　なげ
かぜを　きる　おと　ここちいい

[Pre-Chorus]
あたるも　はっけ　あたらぬも
わらって　もう　ひとつ

[Chorus]
しゅっ　しゅっ（はっ）　まわれ（それ）　ほしの　かたち
くるくる　ひかって　まとの　まんなか
はずれても（よいしょ）　めげないで（それ）
つぎの　いちまい　いきを　すって

[Instrumental Break]

[Verse]
ししょうの　てほんは　みえないほど
はやくて　しずかで　うつくしい
おいらは　まだまだ　みならいだけど
きのうより　ひとつ　うまくなる

[Pre-Chorus]
あたるも　はっけ　あたらぬも
わらって　もう　ひとつ

[Chorus]
しゅっ　しゅっ（はっ）　まわれ（それ）　ほしの　かたち
くるくる　ひかって　まとの　まんなか
はずれても（よいしょ）　めげないで（それ）
つぎの　いちまい　いきを　すって

[Bridge]
ひとつ（えいさ）　ふたつ（えいさ）
みっつ　よっつで　どまんなか

[Chorus]
しゅっ　しゅっ（はっ）　まわれ（それ）　ほしの　かたち
くるくる　ひかって　まとの　まんなか
はずれても（よいしょ）　めげないで（それ）
つぎの　いちまい　いきを　すって

[Outro]
（えいさ）","dark, horror, scary, English lyrics, rap, epic, cinematic"
3,昼｜森の中を疾走,歌,105,急がば回れ、忍者は回って急ぐ,ことわざ「急がば回れ」を逆手にとった洒落,"Japanese groove pop, upbeat, bright and refreshing, 105 BPM, punchy drums, funky bassline, Japanese shakuhachi, Japanese shinobue flute, driving rhythm, rushing forest wind, energetic male vocal, Japanese lyrics, Japanese call-and-response chants, male group chorus, head nod","[Intro]
（そーれ　そーれ）

[Verse]
すぎの　もりを　かけぬけて
こけの　いわを　ぽんと　こえ
えだから　えだへ　とびうつり
こもれびの　なかを　はしってく

[Pre-Chorus]
いそがば　まわれと　いうけれど
まわって　いそげば　まにあうさ

[Chorus]
はしれ（はっ）　はしれ（それ）　もりの　なか
くるり　まわって　いそいで　いこう
かぜに　なって（よいしょ）　とりと　ならんで（それ）
やまの　むこうへ　ひとっとび

[Instrumental Break]

[Verse]
たきの　しぶきを　くぐりぬけ
しかの　おやこに　あいさつ
どんぐり　ひろって　ふところへ
ひるには　さとへ　つくだろう

[Pre-Chorus]
いそがば　まわれと　いうけれど
まわって　いそげば　まにあうさ

[Chorus]
はしれ（はっ）　はしれ（それ）　もりの　なか
くるり　まわって　いそいで　いこう
かぜに　なって（よいしょ）　とりと　ならんで（それ）
やまの　むこうへ　ひとっとび

[Bridge]
ざわ　ざわ　はっぱが　てを　たたく
（そーれ）　もっと　はやく

[Chorus]
はしれ（はっ）　はしれ（それ）　もりの　なか
くるり　まわって　いそいで　いこう
かぜに　なって（よいしょ）　とりと　ならんで（それ）
やまの　むこうへ　ひとっとび

[Outro]
（そーれ）","dark, horror, scary, English lyrics, rap, epic, cinematic"
4,ひと休み｜竹林で尺八の独奏,インスト,96,竹を割ったような、まっすぐな尺八,慣用句「竹を割ったような（さっぱりした）」×竹でできた尺八,"Japanese groove instrumental, upbeat, bright and refreshing, 96 BPM, punchy drums, funky bassline, long expressive Japanese shakuhachi solo as the lead melody, Japanese koto accompaniment, light Japanese shamisen, head nod, extended arrangement, no vocals, instrumental",（Instrumental をオンにする。歌詞欄は使わない）,"vocals, singing, dark, horror, scary, epic, cinematic"
5,夕方｜屋根の上で町を見下ろす,歌,98,猫の額ほどの屋根で、天下をとる,慣用句「猫の額（とても狭い）」×天下とり,"Japanese groove pop, upbeat, bright and refreshing, 98 BPM, punchy drums, funky bassline, Japanese shakuhachi, Japanese shamisen, warm sunset groove, energetic male vocal, Japanese lyrics, Japanese call-and-response chants, male group chorus, head nod","[Intro]
（いよっ）

[Verse]
ゆうやけ　いろの　かわらやね
ねこと　ならんで　すわったら
とおくの　しろも　ちいさくて
てのひらに　のりそうだ

[Pre-Chorus]
ねこの　ひたいほどの　ばしょだけど
ここが　おいらの　とくとうせき

[Chorus]
いよっ（はっ）　てんか（それ）　とったぞ
やねの　うえから　まちを　みおろす
てを　ふって（よいしょ）　くびを　ふって（それ）
ゆうひと　いっしょに　おどろうよ

[Instrumental Break]

[Verse]
えんとつ　けむりが　ゆらゆらと
ごはんの　においが　のぼってくる
ちょうちん　ぽつぽつ　ともりだし
まちが　よるへと　きがえてく

[Pre-Chorus]
ねこの　ひたいほどの　ばしょだけど
ここが　おいらの　とくとうせき

[Chorus]
いよっ（はっ）　てんか（それ）　とったぞ
やねの　うえから　まちを　みおろす
てを　ふって（よいしょ）　くびを　ふって（それ）
ゆうひと　いっしょに　おどろうよ

[Bridge]
（にゃあ）と　ねこが　あいのて　いれて
ふたりで　そろって　もういっかい

[Chorus]
いよっ（はっ）　てんか（それ）　とったぞ
やねの　うえから　まちを　みおろす
てを　ふって（よいしょ）　くびを　ふって（それ）
ゆうひと　いっしょに　おどろうよ

[Outro]
（にゃあ）","dark, horror, scary, English lyrics, rap, epic, cinematic"
6,夜｜満月の屋根でお月見（少し落ち着く曲）,歌,90,花より団子、満月より月見団子,ことわざ「花より団子」×お月見の団子,"Japanese groove pop, upbeat, bright and refreshing, 90 BPM, punchy drums, funky bassline, Japanese shakuhachi, a little slower and relaxed, warm and cozy, Japanese koto, gentle shakuhachi, energetic male vocal, Japanese lyrics, Japanese call-and-response chants, male group chorus, head nod","[Intro]
（よいしょ）

[Verse]
まんまるの　つきが　のぼったら
すすきが　さらさら　ゆれている
おだんご　みっつ　ならべたら
きょうは　しゅぎょうも　おやすみだ

[Pre-Chorus]
はなより　だんご　つきより　だんご
みんなで　わけて　ほおばろう

[Chorus]
ぽん　ぽん（はっ）　つきが（それ）　わらってる
やねの　うえで　ゆっくり　ゆれて
ひとつ　ふたつ（よいしょ）　おだんご　たべて（それ）
こよいは　ゆるりと　くびを　ふろう

[Instrumental Break]

[Verse]
むしの　こえが　りん　りん　と
よかぜに　のって　とどいたら
ししょうも　めを　ほそめて
むかしの　はなしを　はじめた

[Pre-Chorus]
はなより　だんご　つきより　だんご
みんなで　わけて　ほおばろう

[Chorus]
ぽん　ぽん（はっ）　つきが（それ）　わらってる
やねの　うえで　ゆっくり　ゆれて
ひとつ　ふたつ（よいしょ）　おだんご　たべて（それ）
こよいは　ゆるりと　くびを　ふろう

[Bridge]
つきの　うさぎも　もちを　つく
（ぺったん）（ぺったん）　ゆっくりと

[Chorus]
ぽん　ぽん（はっ）　つきが（それ）　わらってる
やねの　うえで　ゆっくり　ゆれて
ひとつ　ふたつ（よいしょ）　おだんご　たべて（それ）
こよいは　ゆるりと　くびを　ふろう

[Outro]
（よいしょ）","dark, horror, scary, English lyrics, rap, epic, cinematic"
7,夜明け前｜太鼓と三味線で盛り上げ直す,インスト,100,善は急げ、太鼓はもっと急げ,ことわざ「善は急げ」のもじり。フィナーレへ向けて加速,"Japanese groove instrumental, upbeat, bright and refreshing, 100 BPM, punchy drums, funky bassline, Japanese taiko drums ensemble breaks, fast Japanese shamisen solo, Japanese shinobue flute, building energy, head nod, extended arrangement, no vocals, instrumental",（Instrumental をオンにする。歌詞欄は使わない）,"vocals, singing, dark, horror, scary, epic, cinematic"
8,フィナーレ｜ふたたび朝の屋根へ,歌,102,終わりよければ、夜明けもよし,ことわざ「終わりよければ全てよし」。1曲目のサビが戻ってくる,"Japanese groove pop, upbeat, bright and refreshing, 102 BPM, punchy drums, funky bassline, Japanese shakuhachi, Japanese shamisen, taiko drums, big joyful finale feeling, sunrise, energetic male vocal, Japanese lyrics, Japanese call-and-response chants, male group chorus, head nod","[Intro]
（そーれ）

[Verse]
よるの　とばりが　うすれていく
しゅりけん　もりみち　まんげつも
ぜんぶ　ふところに　しまいこみ
また　あの　やねへと　かえってきた

[Pre-Chorus]
おわり　よければ　すべて　よし
さあ　みんなで　うたおうよ

[Chorus]
はやおき（はっ）　さんもん（それ）　とくを　する
やねの　うえなら　ごもんの　とく
あさひに（よいしょ）　てを　のばせ（それ）
あしたも　ここで　あおうじゃないか

[Instrumental Break]

[Verse]
みならいも　ししょうも　ねこも
ならんで　あさひを　あびている
ほら　まちが　めを　さましたら
きょうも　いちにち　はじまるよ

[Pre-Chorus]
おわり　よければ　すべて　よし
さあ　みんなで　うたおうよ

[Chorus]
はやおき（はっ）　さんもん（それ）　とくを　する
やねの　うえなら　ごもんの　とく
あさひに（よいしょ）　てを　のばせ（それ）
あしたも　ここで　あおうじゃないか

[Bridge]
いよっ（いよっ）　そーれ（そーれ）
いよっ（いよっ）　そーれ（そーれ）

[Chorus]
はやおき（はっ）　さんもん（それ）　とくを　する
やねの　うえなら　ごもんの　とく
あさひに（よいしょ）　てを　のばせ（それ）
あしたも　ここで　あおうじゃないか

[Outro]
（そーれ）","dark, horror, scary, English lyrics, rap, epic, cinematic"
