No,キャラ名,グループ,性格・一言設定,衣装と配色,持ち物・小道具,舞台シーン,ループの動き,音楽ジャンル,BPM目安,主な和楽器,雰囲気・聴く場面,Suno用プロンプト,画像生成プロンプト,サムネ案,動画タイトル案,注意点
1,侍集団の隊長,武士,無口で頼れるリーダー。ビートが鳴ると誰より先に首を振る,藍の羽織に朱の紐、からし色の袴。鉢巻は藍,刀（鞘のまま）、大きめのヘッドホンを首に,夕暮れの城下町の石段に部下と並んで座る,腕組みのまま頭を前後にゆっくりリズム取り／羽織の裾がそよぐ,Japanese boom bap,86–90,尺八、太鼓、三味線,集中作業・勉強,"Japanese boom bap, dusty drums, shakuhachi melody, shamisen plucks, taiko accents, warm vinyl crackle, steady head-nod groove, 88 bpm, instrumental, no vocals","Chibi character with 2 to 2.5 head-tall proportions, thick bold outlines, slightly retro 1980s-90s Japanese anime style, flat cel shading with soft film grain, muted traditional Japanese color palette of indigo, vermilion, mustard yellow and matcha green on a warm washi-paper toned background, cozy and wholesome mood, simple readable shapes, single still illustration in 16:9, no text, no logo. A calm samurai captain in an indigo haori with vermilion cords and mustard hakama, arms crossed, sitting on stone steps of a castle town at dusk with his crew behind him, headphones around his neck.",隊長のドヤ顔／夕焼けの城／「集中」,Samurai Boom Bap – Lo-fi Japanese Beats for Deep Focus,全キャラ共通：健全・上品に。刀は抜かない・血や戦闘描写なし。武器は鞘に収めた状態で
2,若侍（レコードを抱える）,武士,音楽オタクの新米侍。レコード屋巡りが休日の楽しみ,抹茶色の着物に藍の袴、前髪の残る髷,LPレコードを両腕で抱える、風呂敷包み,古道具屋の店先、木箱にレコードが並ぶ,抱えたレコードを軽く揺らしながら足でリズム／瞬き,Japanese jazzhop,80–85,琴、ローズピアノ、ウッドベース,朝・作業・読書,"Japanese jazzhop, mellow rhodes chords, koto riffs, upright bass, soft swung drums, vinyl crackle, cozy morning feel, 82 bpm, instrumental, no vocals","Chibi character with 2 to 2.5 head-tall proportions, thick bold outlines, slightly retro 1980s-90s Japanese anime style, flat cel shading with soft film grain, muted traditional Japanese color palette of indigo, vermilion, mustard yellow and matcha green on a warm washi-paper toned background, cozy and wholesome mood, simple readable shapes, single still illustration in 16:9, no text, no logo. A young samurai boy in a matcha green kimono and indigo hakama hugging a vinyl record with a happy face, standing in front of an old antique shop with crates of records.",レコードを抱く笑顔／木箱のレコード／「朝」,Young Samurai Crate Digging – Japanese Jazzhop Morning Mix,全キャラ共通：健全・上品に。実在のレコードジャケット・ロゴを描かない
3,浪人DJ,武士,流れ者のクールなDJ。しゃべらず皿で語る,色あせた藍の着流し、朱の帯、編笠,ターンテーブル（木製風）、徳利,月夜の河原に置いた木箱のDJブース,片手でレコードをスクラッチ、編笠がわずかに上下,Japanese boom bap / turntablism,90–94,三味線、尺八、和太鼓,夜・ドライブ,"gritty Japanese boom bap, chopped shamisen samples, record scratches, deep kick, shakuhachi breath, moonlit night vibe, 92 bpm, instrumental, no vocals","Chibi character with 2 to 2.5 head-tall proportions, thick bold outlines, slightly retro 1980s-90s Japanese anime style, flat cel shading with soft film grain, muted traditional Japanese color palette of indigo, vermilion, mustard yellow and matcha green on a warm washi-paper toned background, cozy and wholesome mood, simple readable shapes, single still illustration in 16:9, no text, no logo. A cool wandering ronin DJ wearing a faded indigo kimono and woven straw hat, scratching a wooden turntable on a riverbank under a full moon.",編笠の浪人／ターンテーブル／満月,Ronin on the Decks – Japanese Hip Hop Instrumentals for Night,全キャラ共通：健全・上品に。徳利は飲酒を強調しない（小道具として置く程度）
4,侍の休日（浴衣で縁側）,武士,非番の日はとことんのんびり。スイカが好物,藍地に白い流水柄の浴衣、からし色の帯,うちわ、スイカ、風鈴、蚊取り線香,夏の縁側、庭に朝顔,うちわをゆっくり扇ぐ／風鈴が揺れる／蚊取り線香の煙,Japanese chillhop / jazzhop,72–78,琴、風鈴SE、エレピ、ナイロンギター,夏の昼・リラックス,"chill Japanese jazzhop, lazy summer afternoon, koto and nylon guitar, soft rhodes, wind chime ambience, gentle brushed drums, 75 bpm, instrumental, no vocals","Chibi character with 2 to 2.5 head-tall proportions, thick bold outlines, slightly retro 1980s-90s Japanese anime style, flat cel shading with soft film grain, muted traditional Japanese color palette of indigo, vermilion, mustard yellow and matcha green on a warm washi-paper toned background, cozy and wholesome mood, simple readable shapes, single still illustration in 16:9, no text, no logo. An off-duty samurai relaxing on a wooden engawa porch in an indigo yukata with flowing-water pattern, fanning himself with an uchiwa, slice of watermelon and wind chime nearby, morning glories in the garden.",縁側でうちわ／スイカ／「夏休み」,Samurai's Day Off – Summer Japanese Chillhop,全キャラ共通：健全・上品に。季節もの。夏（6〜8月）に公開推奨
5,若殿と家臣団,武士,わがままだけど憎めない若殿と、振り回される家臣たち,若殿：朱の裃に金茶の紋。家臣：藍とからし色の裃,扇子、茶碗、巻物,城の広間、障子越しの光,若殿が扇子でリズム、家臣が交代でうなずく,Japanese groove / funk-hop,95–100,鼓、篠笛、ベース、クラビネット,朝の家事・気分上げ,"upbeat Japanese funk-hop groove, slap bass, clavinet, tsuzumi hand drums, shinobue flute riffs, playful bouncy rhythm, 98 bpm, instrumental, no vocals","Chibi character with 2 to 2.5 head-tall proportions, thick bold outlines, slightly retro 1980s-90s Japanese anime style, flat cel shading with soft film grain, muted traditional Japanese color palette of indigo, vermilion, mustard yellow and matcha green on a warm washi-paper toned background, cozy and wholesome mood, simple readable shapes, single still illustration in 16:9, no text, no logo. A cheeky young lord in a vermilion kamishimo tapping a folding fan, surrounded by nodding retainers in indigo and mustard kamishimo, inside a castle hall with shoji light.",扇子の若殿／家臣ずらり／「ご機嫌」,The Young Lord's Groove – Funky Japanese Beats,全キャラ共通：健全・上品に。実在の家紋を使わない
6,阿波踊り連,祭り,踊る阿呆に見る阿呆。全員ノリノリの踊り手集団,藍の法被、編笠（女踊り）、からし色の手拭い,うちわ、提灯、鉦,夏祭りの夜道、提灯の列,全員で手を上げ下げする小さなステップ、提灯が揺れる,Japanese groove / breakbeat,100–110,鉦、締太鼓、篠笛、三味線,気分を上げたい時・掃除,"festive Japanese breakbeat groove, kane bell, shime-daiko, shinobue melody, shamisen strums, funky bass, joyful dance energy, 104 bpm, instrumental, no vocals","Chibi character with 2 to 2.5 head-tall proportions, thick bold outlines, slightly retro 1980s-90s Japanese anime style, flat cel shading with soft film grain, muted traditional Japanese color palette of indigo, vermilion, mustard yellow and matcha green on a warm washi-paper toned background, cozy and wholesome mood, simple readable shapes, single still illustration in 16:9, no text, no logo. An Awa-odori dance troupe of chibi dancers in indigo happi coats and straw hats, raising hands in rhythm on a festival street lined with glowing paper lanterns.",踊る連／提灯の列／「踊れ」,Awa Odori Breaks – Festival Groove Mix,全キャラ共通：健全・上品に。特定の実在連の名前・意匠を使わない
7,花魁（三味線持ち）,夜,芸に厳しい上品な名手。三味線の腕は町一番,藍と朱の重ね着、からし色の帯（前結びにしない・露出なし）、控えめな簪,三味線、撥,格子窓のある座敷、行灯の光,撥で三味線をゆっくり弾く、行灯の炎が揺れる,Japanese jazzhop,76–82,三味線、琴、ウッドベース、ローズピアノ,夜・読書,"elegant Japanese jazzhop, refined shamisen phrases, koto, upright bass, rhodes piano, soft lantern-lit night mood, 78 bpm, instrumental, no vocals","Chibi character with 2 to 2.5 head-tall proportions, thick bold outlines, slightly retro 1980s-90s Japanese anime style, flat cel shading with soft film grain, muted traditional Japanese color palette of indigo, vermilion, mustard yellow and matcha green on a warm washi-paper toned background, cozy and wholesome mood, simple readable shapes, single still illustration in 16:9, no text, no logo. An elegant musician lady in modest layered kimono of indigo and vermilion, fully covered, calm dignified smile, playing shamisen in a tatami room lit by an andon lantern.",三味線を弾く横顔／行灯／「夜」,Shamisen Nights – Elegant Japanese Jazzhop,"全キャラ共通：健全・上品に。露出・色っぽさ・流し目NG。プロンプトに modest, fully covered, dignified を必ず入れる。「oiran」の語は避け musician lady と表現"
8,ソーラン節の漁師衆,祭り,海の男たち。網を引くかけ声代わりにビートを刻む,藍の半纏、朱の鉢巻、からし色の腹掛け,網、櫂、大漁旗（文字なし）,朝焼けの漁港、小舟の上,網を引く動作をリズムに合わせて繰り返す、波が上下,Japanese boom bap / work-song groove,92–96,和太鼓、三味線、尺八、ベース,朝・筋トレ・作業開始,"Japanese boom bap with work song energy, heavy taiko kicks, shamisen riffs, shakuhachi, punchy bass, sunrise harbor vibe, 94 bpm, instrumental, no vocals","Chibi character with 2 to 2.5 head-tall proportions, thick bold outlines, slightly retro 1980s-90s Japanese anime style, flat cel shading with soft film grain, muted traditional Japanese color palette of indigo, vermilion, mustard yellow and matcha green on a warm washi-paper toned background, cozy and wholesome mood, simple readable shapes, single still illustration in 16:9, no text, no logo. A crew of chibi fishermen in indigo hanten and vermilion headbands pulling a net together on a small wooden boat at a sunrise harbor.",網を引く漁師／朝焼け／「大漁」,Soran Harbor Beats – Japanese Work Groove,全キャラ共通：健全・上品に。大漁旗に実在の文字・社名を入れない
9,木魚ビート僧,宗教,読経のリズム感が抜群すぎて木魚でビートを刻み始めた,墨染めの衣、からし色の袈裟,木魚、撥、数珠,山寺の本堂、線香の煙,木魚をポクポク叩く、線香の煙がゆらぐ,Japanese boom bap / lo-fi,84–88,木魚、鈴（りん）、尺八、ベース,瞑想・集中,"minimal Japanese lo-fi boom bap, mokugyo wooden block as percussion, singing bowl bell, shakuhachi, deep warm bass, meditative focus, 86 bpm, instrumental, no vocals","Chibi character with 2 to 2.5 head-tall proportions, thick bold outlines, slightly retro 1980s-90s Japanese anime style, flat cel shading with soft film grain, muted traditional Japanese color palette of indigo, vermilion, mustard yellow and matcha green on a warm washi-paper toned background, cozy and wholesome mood, simple readable shapes, single still illustration in 16:9, no text, no logo. A cheerful chibi monk in a black robe and mustard kesa tapping a wooden mokugyo like a drum, inside a mountain temple hall with incense smoke.",木魚を叩く僧／線香の煙／「無心」,Mokugyo Beats – Zen Lo-fi for Focus,全キャラ共通：健全・上品に。宗教を茶化しすぎない。読経の音声サンプルは使わない
10,昼寝する小僧さん,宗教,修行の合間にこっそり昼寝。猫と仲良し,灰色の作務衣、抹茶色の前掛け,ほうき、猫、湯呑み,春の寺の縁側、桜の花びら,胸が上下する寝息、猫のしっぽが揺れる、花びらが舞う,Japanese chillhop / sleep lo-fi,65–72,琴、エレピ、柔らかいパッド,睡眠・休憩,"sleepy Japanese chillhop, soft koto, warm electric piano, gentle tape hiss, slow lazy drums, spring nap mood, 68 bpm, instrumental, no vocals","Chibi character with 2 to 2.5 head-tall proportions, thick bold outlines, slightly retro 1980s-90s Japanese anime style, flat cel shading with soft film grain, muted traditional Japanese color palette of indigo, vermilion, mustard yellow and matcha green on a warm washi-paper toned background, cozy and wholesome mood, simple readable shapes, single still illustration in 16:9, no text, no logo. A little novice monk boy napping on a temple porch with a broom beside him and a cat curled up on his lap, cherry blossom petals drifting.",昼寝の小僧／猫／桜,Temple Nap – Sleepy Japanese Lo-fi,全キャラ共通：健全・上品に。春（3〜4月）向け
11,屋根の上の忍者（ヘッドホン）,夜,任務より音楽。屋根の上が特等席,藍の忍装束、朱のマフラー,ヘッドホン、手裏剣（腰に収納）,月夜の瓦屋根、遠くに城,ヘッドホンで頭を揺らす、マフラーが風になびく,Japanese boom bap / lo-fi hip hop,85–90,尺八、三味線、ベース、ビニールノイズ,夜・深夜作業,"late night Japanese lo-fi hip hop, dusty boom bap drums, shakuhachi echo, muted shamisen, deep bass, moonlit rooftop atmosphere, 87 bpm, instrumental, no vocals","Chibi character with 2 to 2.5 head-tall proportions, thick bold outlines, slightly retro 1980s-90s Japanese anime style, flat cel shading with soft film grain, muted traditional Japanese color palette of indigo, vermilion, mustard yellow and matcha green on a warm washi-paper toned background, cozy and wholesome mood, simple readable shapes, single still illustration in 16:9, no text, no logo. A ninja in an indigo outfit and vermilion scarf sitting on a tiled rooftop at night wearing big headphones, bobbing his head, castle silhouette and full moon in the distance.",屋根の忍者／満月／ヘッドホン,Rooftop Ninja – Late Night Japanese Lo-fi,全キャラ共通：健全・上品に。チャンネルの看板候補。手裏剣は投げない
12,見習い忍者,夜,ドジだけど一生懸命。修行中にもリズムが止まらない,抹茶色の忍装束、大きめの頭巾,巻物、竹筒の水筒,竹林の修行場,竹の上でバランスを取りながら小刻みに揺れる、笹が揺れる,Japanese jazzhop,88–92,篠笛、琴、ドラム、ベース,勉強・宿題,"playful Japanese jazzhop, shinobue flute melody, koto plucks, bouncy swung drums, warm bass, bamboo forest breeze, 90 bpm, instrumental, no vocals","Chibi character with 2 to 2.5 head-tall proportions, thick bold outlines, slightly retro 1980s-90s Japanese anime style, flat cel shading with soft film grain, muted traditional Japanese color palette of indigo, vermilion, mustard yellow and matcha green on a warm washi-paper toned background, cozy and wholesome mood, simple readable shapes, single still illustration in 16:9, no text, no logo. A clumsy apprentice ninja in a matcha green outfit with an oversized hood balancing on a bamboo stalk in a bamboo forest, determined face.",竹の上の見習い／竹林／「修行中」,Ninja Training Beats – Japanese Jazzhop for Study,全キャラ共通：健全・上品に。
13,火消し,祭り,江戸の粋な火消し。纏を振るリズムは誰にも負けない,藍の刺子半纏、朱の帯,纏（まとい）、鳶口,冬の江戸の町並み、はしご,纏をくるくる回す、半纏の裾が揺れる,Japanese funk / boom bap,96–100,和太鼓、拍子木、三味線、ブラス少なめ,朝・やる気,"energetic Japanese boom bap funk, hyoshigi wooden clappers, taiko, shamisen riffs, punchy bass, brave Edo spirit, 98 bpm, instrumental, no vocals","Chibi character with 2 to 2.5 head-tall proportions, thick bold outlines, slightly retro 1980s-90s Japanese anime style, flat cel shading with soft film grain, muted traditional Japanese color palette of indigo, vermilion, mustard yellow and matcha green on a warm washi-paper toned background, cozy and wholesome mood, simple readable shapes, single still illustration in 16:9, no text, no logo. An Edo firefighter in an indigo sashiko hanten twirling a matoi standard in a winter Edo town street with a wooden ladder.",纏を回す火消し／江戸の町／「粋」,Edo Firefighter Funk – Japanese Boom Bap,全キャラ共通：健全・上品に。炎・火事の描写は入れない
14,太鼓の鬼,妖怪,見た目は鬼、中身は優しい太鼓好き,朱色の肌、虎柄ではなくからし色の腰布、藍の鉢巻,大太鼓、撥,山の中の祭り櫓,撥を振り下ろして太鼓を叩く（ループ）、太鼓の振動線,Japanese boom bap / heavy groove,90–95,大太鼓、締太鼓、尺八、ベース,筋トレ・気合い,"hard-hitting Japanese boom bap, massive taiko drums, shime-daiko rolls, shakuhachi, thick bass, bold but friendly groove, 92 bpm, instrumental, no vocals","Chibi character with 2 to 2.5 head-tall proportions, thick bold outlines, slightly retro 1980s-90s Japanese anime style, flat cel shading with soft film grain, muted traditional Japanese color palette of indigo, vermilion, mustard yellow and matcha green on a warm washi-paper toned background, cozy and wholesome mood, simple readable shapes, single still illustration in 16:9, no text, no logo. A friendly chubby oni with vermilion skin and small horns, mustard waist cloth and indigo headband, joyfully hitting a big taiko drum on a mountain festival tower.",太鼓を叩く鬼／撥／「ドン」,Taiko Oni Beats – Heavy Japanese Boom Bap,全キャラ共通：健全・上品に。怖くしない（丸い目・笑顔）
15,屋台の大将,夜,無口な職人。一杯のラーメンに魂を込める,白の作務衣、藍の前掛け、からし色の手拭い,湯切りざる、どんぶり,雨上がりの夜の屋台、赤提灯,湯気が立ちのぼる、赤提灯が揺れる、湯切りの動作,Japanese jazzhop / lo-fi,78–84,ローズピアノ、三味線、ウッドベース、雨音,夜・作業・雨の日,"late night Japanese jazzhop, rhodes piano, gentle shamisen, upright bass, rain ambience, warm steam and red lantern mood, 80 bpm, instrumental, no vocals","Chibi character with 2 to 2.5 head-tall proportions, thick bold outlines, slightly retro 1980s-90s Japanese anime style, flat cel shading with soft film grain, muted traditional Japanese color palette of indigo, vermilion, mustard yellow and matcha green on a warm washi-paper toned background, cozy and wholesome mood, simple readable shapes, single still illustration in 16:9, no text, no logo. A quiet ramen stall master in a white samue and indigo apron draining noodles at a small yatai at night after rain, red paper lantern glowing, steam rising.",湯気の屋台／赤提灯／「深夜」,Midnight Yatai – Japanese Jazzhop for Late Night,全キャラ共通：健全・上品に。実在店名・ロゴを入れない
16,獅子舞,祭り,正月にやってくる縁起物。噛まれると福が来る,朱の獅子頭、藍と白の唐草模様の胴,鈴、御幣,正月の門前、松飾り,獅子頭がパクパク、首を左右に振る,Japanese groove / jazz-funk,96–102,篠笛、鉦、締太鼓、エレピ,正月・朝,"festive Japanese jazz-funk groove, shinobue flute, kane bells, shime-daiko, electric piano, lucky new year mood, 100 bpm, instrumental, no vocals","Chibi character with 2 to 2.5 head-tall proportions, thick bold outlines, slightly retro 1980s-90s Japanese anime style, flat cel shading with soft film grain, muted traditional Japanese color palette of indigo, vermilion, mustard yellow and matcha green on a warm washi-paper toned background, cozy and wholesome mood, simple readable shapes, single still illustration in 16:9, no text, no logo. A cute shishimai lion dancer with a vermilion lion head and indigo arabesque body cloth, snapping its jaws playfully in front of a gate with new year pine decorations.",獅子のパクパク／松飾り／「福」,Shishimai New Year Groove – Japanese Jazz Funk,全キャラ共通：健全・上品に。正月（12月末〜1月）公開推奨
17,天狗,妖怪,山の長老。風を操りビートを遠くまで届ける,藍の山伏装束、からし色の結袈裟、朱の顔,羽団扇、高下駄,雲海の山頂、杉の大木,羽団扇をゆったり扇ぐ、雲が流れる,Japanese jazzhop / ambient hip hop,80–85,尺八、法螺貝（控えめ）、琴、パッド,朝・瞑想,"airy Japanese ambient hip hop, breathy shakuhachi, soft koto, mountain wind textures, laid-back drums, 82 bpm, instrumental, no vocals","Chibi character with 2 to 2.5 head-tall proportions, thick bold outlines, slightly retro 1980s-90s Japanese anime style, flat cel shading with soft film grain, muted traditional Japanese color palette of indigo, vermilion, mustard yellow and matcha green on a warm washi-paper toned background, cozy and wholesome mood, simple readable shapes, single still illustration in 16:9, no text, no logo. A wise tengu with a red face and long nose in indigo yamabushi robes, fanning a feather fan on a mountain peak above a sea of clouds with giant cedar trees.",天狗と雲海／羽団扇／「山の朝」,Tengu Mountain – Airy Japanese Jazzhop,全キャラ共通：健全・上品に。鼻の形は誇張しすぎず可愛く
18,狐の嫁入り,妖怪,晴れた日に雨が降ると現れる、狐たちの静かな行列,白無垢風の白と藍、朱の和傘、狐面,和傘、提灯,天気雨の田んぼのあぜ道,行列がゆっくり進む（その場歩き）、雨粒がきらめく,Japanese jazzhop,74–80,琴、篠笛、ローズピアノ、雨音,雨の日・夕方,"dreamy Japanese jazzhop, koto, shinobue, soft rhodes, sun shower rain sounds, mysterious yet gentle, 76 bpm, instrumental, no vocals","Chibi character with 2 to 2.5 head-tall proportions, thick bold outlines, slightly retro 1980s-90s Japanese anime style, flat cel shading with soft film grain, muted traditional Japanese color palette of indigo, vermilion, mustard yellow and matcha green on a warm washi-paper toned background, cozy and wholesome mood, simple readable shapes, single still illustration in 16:9, no text, no logo. A quiet procession of chibi foxes in white and indigo kimono holding vermilion umbrellas and lanterns, walking along a rice field path during a sunny rain shower.",狐の行列／和傘／天気雨,Kitsune Wedding – Sun Shower Japanese Jazzhop,全キャラ共通：健全・上品に。怖い雰囲気にしない
19,陰陽師,平安,星を読み、ビートの吉凶を占う知的なクール系,白の狩衣、藍の指貫、朱の紐,呪符（文字なし）、扇,星空の下の庭、五芒星の光る陣（控えめ）,指先に灯る小さな光がふわふわ浮遊、袖が揺れる,Japanese lo-fi / dark jazzhop,80–85,琴、龍笛、シンセパッド、ベース,夜・考え事,"mystical Japanese lo-fi jazzhop, koto, ryuteki flute, deep pads, soft boom bap drums, starry night mood, 83 bpm, instrumental, no vocals","Chibi character with 2 to 2.5 head-tall proportions, thick bold outlines, slightly retro 1980s-90s Japanese anime style, flat cel shading with soft film grain, muted traditional Japanese color palette of indigo, vermilion, mustard yellow and matcha green on a warm washi-paper toned background, cozy and wholesome mood, simple readable shapes, single still illustration in 16:9, no text, no logo. A cool onmyoji in a white kariginu and indigo trousers with a small floating light at his fingertips in a moonlit garden under a starry sky.",陰陽師の横顔／星空／光,Onmyoji Starlight – Mystic Japanese Lo-fi,全キャラ共通：健全・上品に。実在の神社・家紋や読める文字を札に入れない
20,巫女,宗教,神社の掃除が日課。鈴の音で季節を感じる,白衣に朱の袴、からし色の水引,神楽鈴、竹ぼうき,朝の神社境内、鳥居、紅葉,ほうきで掃く、落ち葉が舞う,Japanese jazzhop,78–84,神楽鈴、琴、篠笛、エレピ,朝・作業,"serene Japanese jazzhop, kagura bells, koto, shinobue, soft electric piano, crisp autumn morning, 80 bpm, instrumental, no vocals","Chibi character with 2 to 2.5 head-tall proportions, thick bold outlines, slightly retro 1980s-90s Japanese anime style, flat cel shading with soft film grain, muted traditional Japanese color palette of indigo, vermilion, mustard yellow and matcha green on a warm washi-paper toned background, cozy and wholesome mood, simple readable shapes, single still illustration in 16:9, no text, no logo. A shrine maiden in white kimono and vermilion hakama sweeping fallen maple leaves with a bamboo broom in a quiet shrine courtyard in the morning, torii gate behind.",掃除する巫女／鳥居／紅葉,Shrine Morning – Japanese Jazzhop for Autumn,全キャラ共通：健全・上品に。実在の神社を特定させない。上品に
21,稚児,平安,祭りで役を任された小さな子。緊張しつつも楽しげ,朱と金茶の稚児装束、天冠,鈴、扇,祭りの山車の上,鈴を小さく振る、天冠の飾りが揺れる,Japanese groove / jazzhop,88–92,鈴、篠笛、鼓、ベース,朝・お出かけ,"gentle festive Japanese jazzhop, small bells, shinobue, tsuzumi, warm bass, innocent cheerful mood, 90 bpm, instrumental, no vocals","Chibi character with 2 to 2.5 head-tall proportions, thick bold outlines, slightly retro 1980s-90s Japanese anime style, flat cel shading with soft film grain, muted traditional Japanese color palette of indigo, vermilion, mustard yellow and matcha green on a warm washi-paper toned background, cozy and wholesome mood, simple readable shapes, single still illustration in 16:9, no text, no logo. A small festival child in a vermilion and gold ceremonial costume with a tiny crown, shaking a bell shyly on top of a festival float.",稚児の笑顔／山車／鈴,Festival Child – Gentle Japanese Groove,全キャラ共通：健全・上品に。子どもは健全・自然な表情で。化粧の強調なし
22,平安貴族（蹴鞠）,平安,優雅にまったり。鞠を落とさないことに命をかける,藍の直衣、抹茶色の指貫、烏帽子,鞠,春の庭園、藤棚,鞠をポン、ポンと蹴り上げる（ループ）,Japanese jazzhop / bossa-hop,84–90,琴、笙、ナイロンギター、ローズ,昼・リラックス,"elegant Japanese bossa jazzhop, koto, sho mouth organ pads, nylon guitar, rhodes, light swing drums, graceful spring garden, 86 bpm, instrumental, no vocals","Chibi character with 2 to 2.5 head-tall proportions, thick bold outlines, slightly retro 1980s-90s Japanese anime style, flat cel shading with soft film grain, muted traditional Japanese color palette of indigo, vermilion, mustard yellow and matcha green on a warm washi-paper toned background, cozy and wholesome mood, simple readable shapes, single still illustration in 16:9, no text, no logo. A Heian noble in an indigo nōshi robe and black eboshi hat gracefully kicking a kemari ball in a spring garden under wisteria.",蹴鞠の貴族／藤棚／「雅」,Heian Kemari – Elegant Japanese Bossa Beats,全キャラ共通：健全・上品に。
23,歌舞伎役者,夜,見得を切る瞬間がビートのドロップ,隈取（朱と藍）、からし色の衣装,扇、拍子木,芝居小屋の舞台、提灯,首をぐるりと回して見得を切る、拍子木で「カン」,Japanese boom bap / groove,90–96,拍子木、三味線、鼓、ベース,気合い・作業,"dramatic yet groovy Japanese boom bap, hyoshigi clappers, shamisen riffs, tsuzumi, punchy drums, theatrical energy, 93 bpm, instrumental, no vocals","Chibi character with 2 to 2.5 head-tall proportions, thick bold outlines, slightly retro 1980s-90s Japanese anime style, flat cel shading with soft film grain, muted traditional Japanese color palette of indigo, vermilion, mustard yellow and matcha green on a warm washi-paper toned background, cozy and wholesome mood, simple readable shapes, single still illustration in 16:9, no text, no logo. A kabuki actor with vermilion and indigo kumadori makeup in a mustard costume striking a mie pose on a wooden theater stage lined with lanterns.",見得を切る顔／隈取／提灯,Kabuki Breaks – Theatrical Japanese Boom Bap,全キャラ共通：健全・上品に。実在の屋号・役者の顔を模さない
24,僧兵,宗教,力持ちで大らか。薙刀より太鼓のほうが得意,白い頭巾、墨染め衣、からし色の袈裟,薙刀（布で覆う）、法螺貝,山門の前、石段,法螺貝を吹くふり→ゆっくり首を揺らす,Japanese boom bap,86–90,法螺貝（控えめ）、和太鼓、尺八、ベース,集中・筋トレ,"powerful Japanese boom bap, deep taiko, subtle conch horn texture, shakuhachi, heavy bass, steady disciplined groove, 88 bpm, instrumental, no vocals","Chibi character with 2 to 2.5 head-tall proportions, thick bold outlines, slightly retro 1980s-90s Japanese anime style, flat cel shading with soft film grain, muted traditional Japanese color palette of indigo, vermilion, mustard yellow and matcha green on a warm washi-paper toned background, cozy and wholesome mood, simple readable shapes, single still illustration in 16:9, no text, no logo. A big friendly warrior monk with a white hood and black robe holding a conch shell, standing in front of a temple gate on stone steps.",僧兵の仁王立ち／山門／「不動」,Sohei Beats – Steady Japanese Boom Bap,全キャラ共通：健全・上品に。武器は布で覆う・戦闘描写なし
25,河童（追加）,妖怪,川辺でウッドベースを弾くのんびり屋。きゅうりが好物,抹茶色の肌、藍の腹掛け,ウッドベース、きゅうり,夏の川辺、柳の木,ベースの弦をはじく、皿の水がきらりと光る、川面が揺れる,Japanese jazzhop,80–86,ウッドベース、琴、エレピ、水音,昼・リラックス,"laid-back Japanese jazzhop, upright bass lead, koto, electric piano, river water ambience, summer shade mood, 84 bpm, instrumental, no vocals","Chibi character with 2 to 2.5 head-tall proportions, thick bold outlines, slightly retro 1980s-90s Japanese anime style, flat cel shading with soft film grain, muted traditional Japanese color palette of indigo, vermilion, mustard yellow and matcha green on a warm washi-paper toned background, cozy and wholesome mood, simple readable shapes, single still illustration in 16:9, no text, no logo. A cute kappa with matcha green skin and an indigo bib plucking an upright bass on a riverbank under a willow tree, cucumber beside him.",ベースを弾く河童／柳／川,Kappa Riverside Jazz – Japanese Jazzhop,全キャラ共通：健全・上品に。追加案
26,招き猫（追加）,夜,商店街の看板猫。手招きのリズムでお客を呼ぶ,白に朱の首輪、からし色の鈴、藍の前掛け,小判（文字なし）、鈴,夕方の商店街の店先,前足で手招き、鈴が揺れる,Japanese groove / city-pop hop,92–98,エレピ、ベース、鈴、三味線,夕方・買い物気分,"warm Japanese city groove, electric piano, funky bass, little bells, shamisen accents, nostalgic shopping street at dusk, 95 bpm, instrumental, no vocals","Chibi character with 2 to 2.5 head-tall proportions, thick bold outlines, slightly retro 1980s-90s Japanese anime style, flat cel shading with soft film grain, muted traditional Japanese color palette of indigo, vermilion, mustard yellow and matcha green on a warm washi-paper toned background, cozy and wholesome mood, simple readable shapes, single still illustration in 16:9, no text, no logo. A maneki-neko lucky cat with a vermilion collar and mustard bell beckoning with its paw in front of a small shop on a nostalgic shopping street at dusk.",手招き猫／商店街／夕焼け,Maneki Neko Groove – Nostalgic Japanese Beats,全キャラ共通：健全・上品に。追加案。小判に文字を入れない
27,琵琶法師（追加）,宗教,旅の語り部。歌わず琵琶だけで物語を奏でる,墨染め衣、からし色の頭巾,琵琶、杖,秋の山道の茶屋,琵琶をかき鳴らす、落ち葉がひらり,Japanese boom bap / jazzhop,80–86,琵琶、尺八、ベース,夜・読書,"moody Japanese jazzhop boom bap, biwa lute riffs, shakuhachi, warm bass, dusty drums, storytelling autumn mood, 82 bpm, instrumental, no vocals","Chibi character with 2 to 2.5 head-tall proportions, thick bold outlines, slightly retro 1980s-90s Japanese anime style, flat cel shading with soft film grain, muted traditional Japanese color palette of indigo, vermilion, mustard yellow and matcha green on a warm washi-paper toned background, cozy and wholesome mood, simple readable shapes, single still illustration in 16:9, no text, no logo. A traveling biwa player monk in dark robes and mustard hood strumming a biwa at a mountain teahouse in autumn, falling leaves.",琵琶の音／秋の茶屋／落ち葉,Biwa Tales – Japanese Boom Bap for Reading,全キャラ共通：健全・上品に。追加案。盲目表現は扱いに配慮し強調しない
