企画No,【Suno】Title欄（曲タイトル）,元ネタ・洒落のポイント,登場キャラ,題材の伝承・物語,BPM,【Suno】Style欄にコピペ,【Suno】Lyrics欄にコピペ,lyricsファイル名
1,麻とびこえて、きょうもワンステップ,忍者の「麻跳び」修行×ステップアップの掛け言葉,屋根の上の忍者（ヘッドホン）、見習い忍者,忍者は麻を植え、毎日伸びる麻を跳び越えて跳躍力を鍛えたという言い伝え,100,"Japanese jazzy hip hop, upbeat groove, 100 BPM, punchy boom bap drums, funky bassline, Japanese shakuhachi, Japanese shamisen, taiko drums, energetic male vocal, Japanese lyrics, energetic, bright, head nod","[Verse]
やねのうえ　つきが　まるい
ヘッドホンから　かぜの　おと
ししょうは　だまって　ゆびさした
きょうも　あさを　とびこえろ

[Chorus]
とんで（はっ）　はねて（それ）　あさを　こえろ
きのうより　すこし　たかく　なれ
まわって　すべって　かわらの　うえ
しのびあしで　ビートに　のれ

[Verse]
たねを　まいた　あの　ひから
あさは　まいにち　のびていく
おいらの　あしも　まけないで
まいにち　ひとつ　ステップアップ

[Chorus]
とんで（はっ）　はねて（それ）　あさを　こえろ
きのうより　すこし　たかく　なれ
まわって　すべって　かわらの　うえ
しのびあしで　ビートに　のれ

[Outro]
しのぶれど（はっ）　でちゃうんだ（それ）",01_麻とびこえて、きょうもワンステップ.txt
2,腹が減っては、ビートはできぬ,ことわざ「腹が減っては戦ができぬ」のもじり,侍集団の隊長、若侍（レコードを抱える）,戦の前に握り飯で腹ごしらえをした武士たち。腹ごしらえは何よりの備え,96,"Japanese jazzy hip hop, upbeat groove, 96 BPM, punchy boom bap drums, funky bassline, Japanese shamisen, Japanese shakuhachi, taiko drums, energetic male vocal, Japanese lyrics, energetic, bright, head nod","[Verse]
いしだんに　ならんで　すわる
ゆうやけ　しろの　かげが　のびる
たいちょうが　つつみを　ひらいたら
おおきな　おむすび　ふたつ

[Chorus]
ほおばれ（よいしょ）　たちあがれ（それ）
はらが　へっては　ビートは　できぬ
ふんで　ならして　いしだんを
いっぽ　いっぽ　かけあがれ

[Verse]
わかざむらいは　レコードを
かたなの　かわりに　だいじに　かかえ
はりを　おとせば　まちが　おどる
たいちょうの　くびも　ゆれだした

[Chorus]
ほおばれ（よいしょ）　たちあがれ（それ）
はらが　へっては　ビートは　できぬ
ふんで　ならして　いしだんを
いっぽ　いっぽ　かけあがれ",02_腹が減っては、ビートはできぬ.txt
3,鬼に金棒、河童にベース,ことわざ「鬼に金棒」のもじり。河童にはウッドベースが最強の相棒,侍の休日（浴衣で縁側）、河童（追加）,河童は頭の皿の水が乾くと力が抜け、きゅうりが大好物という伝承,98,"Japanese jazzy hip hop, upbeat groove, 98 BPM, punchy boom bap drums, funky bassline, Japanese koto, Japanese shamisen, bright female vocal, Japanese lyrics, energetic, bright, head nod","[Verse]
えんがわで　うちわを　ぱたぱた
すいかの　たねを　とばしたら
かわの　ほうから　ぼん　ぼん　ぼん
かっぱが　ベースを　はじいてる

[Chorus]
はじけ（はっ）　はねろ（それ）　みずしぶき
おにに　かなぼう　かっぱに　ベース
まわれ　まわれ　かざぐるま
なつやすみは　まだ　おわらない

[Verse]
おさらの　みずが　ひからぬように
ときどき　かわへ　とびこんで
きゅうりを　かじって　ひとやすみ
さむらいも　はだしで　かけだした

[Chorus]
はじけ（はっ）　はねろ（それ）　みずしぶき
おにに　かなぼう　かっぱに　ベース
まわれ　まわれ　かざぐるま
なつやすみは　まだ　おわらない",03_鬼に金棒、河童にベース.txt
4,二八そばより、十六ビート,江戸の「二八そば」は2×8＝16。そばの値段と16ビートの掛け算洒落,屋台の大将、浪人DJ,江戸の夜鳴きそば。二八そばは「十六文」の値段から来たという説がある,100,"Japanese jazzy hip hop, upbeat groove, 100 BPM, punchy boom bap drums, funky bassline, Japanese shamisen, Japanese shakuhachi, energetic male vocal, Japanese lyrics, energetic, bright, head nod","[Verse]
あめあがり　あかちょうちん
ゆげの　むこうに　あみがさ　ひとつ
たいしょうが　めんを　ちゃっ　ちゃっ　ちゃっ
ろうにんは　さらを　くる　くる　くる

[Chorus]
きざめ（はっ）　ゆらせ（それ）　よるの　まち
にはちそばより　じゅうろくビート
まわせ　まわせ　にまいの　さら
どんぶりも　レコードも　あつあつだ

[Verse]
にはちで　じゅうろく　かけざんで
えどの　よなきそば　うたいだす
みずたまり　はねて　げたが　なる
あさまで　のれんは　おろさない

[Chorus]
きざめ（はっ）　ゆらせ（それ）　よるの　まち
にはちそばより　じゅうろくビート
まわせ　まわせ　にまいの　さら
どんぶりも　レコードも　あつあつだ",04_二八そばより、十六ビート.txt
5,魚は眠らず、小僧は眠る,木魚の由来（魚は眠らない）と昼寝する小僧の対比,木魚ビート僧、昼寝する小僧さん,魚は昼も夜も目を閉じないことから、眠らず修行に励めという戒めで木魚が魚の形になったという説,96,"Japanese jazzy hip hop, upbeat groove, 96 BPM, punchy boom bap drums, funky bassline, Japanese shakuhachi, Japanese koto, energetic male vocal, Japanese lyrics, energetic, bright, head nod","[Verse]
ぽく　ぽく　ぽく　と　ほんどうに
もくぎょの　ビートが　ひびいてる
さかなは　ねむらず　めを　あけて
なまけちゃ　だめだと　いうけれど

[Chorus]
たたけ（はっ）　うなずけ（それ）　ぽく　ぽく　ぽん
さかなは　ねむらず　こぞうは　ねむる
さくら　ひらひら　まいおりて
ゆめの　なかでも　ステップ　ふむ

[Verse]
えんがわで　ねこと　まるくなり
ほうきを　まくらに　すう　すう　すう
もんぜんの　こぞうは　ならわずに
ねごとで　ビートを　きざんでる

[Chorus]
たたけ（はっ）　うなずけ（それ）　ぽく　ぽく　ぽん
さかなは　ねむらず　こぞうは　ねむる
さくら　ひらひら　まいおりて
ゆめの　なかでも　ステップ　ふむ",05_魚は眠らず、小僧は眠る.txt
6,踊る阿呆に、太鼓たたく鬼,阿波踊りの「踊る阿呆に見る阿呆」の「見る阿呆」を太鼓の鬼に,阿波踊り連、太鼓の鬼,阿波踊りのよしこの節と、鬼の面で太鼓を打つ佐渡の「鬼太鼓」,104,"Japanese jazzy hip hop, upbeat groove, 104 BPM, punchy boom bap drums, funky bassline, Japanese shinobue, Japanese shamisen, taiko drums, energetic male vocal, Japanese lyrics, energetic, bright, head nod","[Verse]
ちょうちんの　あかりが　つづく　みち
てを　あげて　あしを　ふみだせば
やまの　やぐらで　どーん　どーん
おにが　たいこを　たたいてる

[Chorus]
えらいやっちゃ（はっ）　よいよいよい（それ）
おどる　あほうに　たいこ　たたく　おに
まわれ　はねろ　てを　ふれ
おなじ　あほなら　おどらにゃ　そんそん

[Verse]
こわい　かおして　めは　にこにこ
つのも　ゆれてる　リズムに　のって
こどもも　ねこも　おばあちゃんも
ひとつの　わに　なって　まわる

[Chorus]
えらいやっちゃ（はっ）　よいよいよい（それ）
おどる　あほうに　たいこ　たたく　おに
まわれ　はねろ　てを　ふれ
おなじ　あほなら　おどらにゃ　そんそん",06_踊る阿呆に、太鼓たたく鬼.txt
7,お天気雨は、狐の招待状,天気雨＝狐の嫁入りの伝承を「招待状」に見立てた,巫女、狐の嫁入り,晴れているのに雨が降るのは、狐が嫁入り行列を人に見られないようにするためという伝承,96,"Japanese jazzy hip hop, upbeat groove, 96 BPM, punchy boom bap drums, funky bassline, Japanese koto, Japanese shinobue, bright female vocal, Japanese lyrics, energetic, bright, head nod","[Verse]
はれているのに　ぽつ　ぽつ　ぽつ
とりいの　むこうが　きらきら　ひかる
みこさん　ほうきを　とめて　みた
ちょうちん　ゆらゆら　ぎょうれつだ

[Chorus]
しゃらん（はっ）　しゃらん（それ）　すずが　なる
おてんきあめは　きつねの　しょうたいじょう
くるり　まわして　あかい　かさ
はねて　わらって　はれのち　あめ

[Verse]
しろい　きものの　はなよめさん
しっぽを　そっと　かくしてる
みつけても　ないしょに　しておこう
にじが　かかれば　おひらきだ

[Chorus]
しゃらん（はっ）　しゃらん（それ）　すずが　なる
おてんきあめは　きつねの　しょうたいじょう
くるり　まわして　あかい　かさ
はねて　わらって　はれのち　あめ",07_お天気雨は、狐の招待状.txt
8,いとをかし、いとグルーヴィ,枕草子の「いとをかし」に今っぽい「グルーヴィ」を重ねた,平安貴族（蹴鞠）、陰陽師、稚児,蹴鞠では「アリ」「ヤア」「オウ」と声をかけ合う。鞠の精の名に由来するという言い伝え,98,"Japanese jazzy hip hop, upbeat groove, 98 BPM, punchy boom bap drums, funky bassline, Japanese koto, Japanese ryuteki flute, bright female vocal, Japanese lyrics, energetic, bright, head nod","[Verse]
ふじの　はなが　ゆれる　にわ
きぬの　そでを　ひるがえし
まりを　ぽーんと　けりあげて
おちないように　そらへ　かえす

[Chorus]
ありー（はっ）　やあ（それ）　おう（よいしょ）
いとをかし　いとグルーヴィ
けって　はねて　くるりと　まわれ
まりは　ひるまの　おつきさま

[Verse]
よるが　くれば　おんみょうじ
ほしを　かぞえて　うらなえば
あしたも　はれて　まりびより
ちごも　すずを　しゃんと　ふる

[Chorus]
ありー（はっ）　やあ（それ）　おう（よいしょ）
いとをかし　いとグルーヴィ
けって　はねて　くるりと　まわれ
まりは　ひるまの　おつきさま",08_いとをかし、いとグルーヴィ.txt
9,猫の手も、招きたいお正月,慣用句「猫の手も借りたい」×招き猫の手招き,獅子舞、若殿と家臣団、招き猫（追加）,獅子舞に頭を噛まれると邪気が払われ無病息災に。招き猫は右手でお金、左手で人を招くといわれる,102,"Japanese jazzy hip hop, upbeat groove, 102 BPM, punchy boom bap drums, funky bassline, Japanese shinobue, Japanese shamisen, taiko drums, energetic male vocal, Japanese lyrics, energetic, bright, head nod","[Verse]
おしょうがつ　まつかざりの　もん
わかとの　ねぼうで　おおさわぎ
かしんが　ばたばた　はしる　なか
ししまいが　ぱくぱく　やってきた

[Chorus]
かぷっと（はっ）　かまれて（それ）　ふくが　くる
ねこの　ても　まねきたい　いそがしさ
まわれ　おどれ　ししがしら
ことしも　げんきに　いきましょう

[Verse]
しょうてんがいの　まねきねこ
みぎてで　おかね　ひだりで　ひと
わかとのも　まねして　てを　ふれば
えがおが　ぞろぞろ　あつまった

[Chorus]
かぷっと（はっ）　かまれて（それ）　ふくが　くる
ねこの　ても　まねきたい　いそがしさ
まわれ　おどれ　ししがしら
ことしも　げんきに　いきましょう",09_猫の手も、招きたいお正月.txt
10,待ってました、と言わせたい,歌舞伎の大向う（客席からの掛け声）「待ってました！」,花魁（三味線持ち）、歌舞伎役者、琵琶法師（追加）,歌舞伎の客席から飛ぶ大向うの掛け声と、平家物語を語り継いだ琵琶法師,98,"Japanese jazzy hip hop, upbeat groove, 98 BPM, punchy boom bap drums, funky bassline, Japanese shamisen, Japanese biwa, taiko drums, energetic male vocal, Japanese lyrics, energetic, bright, head nod","[Verse]
ひょうしぎ　かん　かん　まくが　あく
ちょうちん　ならぶ　しばいごや
しゃみせん　べんべん　たかなれば
びわの　ねいろが　ものがたる

[Chorus]
よっ（はっ）　まってました（それ）
みえを　きるまで　あと　すこし
まわって　ふんで　とん　とん　とん
まってましたと　いわせたい

[Verse]
ぎおんしょうじゃの　かねの　こえ
むかしの　はなしを　いまふうに
ちょんまげ　ゆらして　くびを　ふり
おおむこう　こえが　かかったら

[Chorus]
よっ（はっ）　まってました（それ）
みえを　きるまで　あと　すこし
まわって　ふんで　とん　とん　とん
まってましたと　いわせたい",10_待ってました、と言わせたい.txt
