企画No,登場キャラ,シーン,時間帯・季節,音楽ジャンル,動画の長さ,タイトル案,サムネ案
1,屋根の上の忍者（ヘッドホン）、見習い忍者,月夜の瓦屋根で師弟がヘッドホンを分け合う,深夜・通年,Japanese lo-fi boom bap,2時間,Rooftop Ninjas – Late Night Japanese Lo-fi to Study,師弟の後ろ姿／満月／「深夜」
2,侍集団の隊長、若侍（レコードを抱える）,城下町の石段で隊長が若侍のレコードを試聴,夕暮れ・秋,Japanese boom bap,1.5時間,Samurai Crew – Japanese Boom Bap for Deep Focus,隊長と若侍／夕焼けの城／「集中」
3,侍の休日（浴衣で縁側）、河童（追加）,縁側の先の小川で河童がベースを弾く,昼・夏,Japanese chillhop,1時間,Samurai Summer Break – Chill Japanese Beats,縁側とスイカ／河童／「夏休み」
4,屋台の大将、浪人DJ,雨上がりの屋台で浪人がDJ、大将が湯切り,深夜・梅雨,Japanese jazzhop,2時間,Midnight Yatai Session – Rainy Japanese Jazzhop,赤提灯／湯気／浪人の編笠
5,木魚ビート僧、昼寝する小僧さん,本堂で僧が木魚を刻み、縁側で小僧が昼寝,昼・春,Zen lo-fi hip hop,1.5時間,Temple Lo-fi – Mokugyo Beats to Relax & Nap,木魚／眠る小僧と猫／桜
6,阿波踊り連、太鼓の鬼,祭り櫓で鬼が太鼓、提灯の道を連が踊る,夜・夏祭り,Japanese breakbeat groove,1時間,Matsuri Groove – Festival Japanese Beats,踊る連／太鼓の鬼／提灯
7,巫女、狐の嫁入り,神社の境内を狐の行列が通り、巫女が見送る,夕方・秋（天気雨）,Dreamy Japanese jazzhop,1.5時間,Kitsune Shrine – Sun Shower Japanese Jazzhop,狐の行列／鳥居／和傘
8,平安貴族（蹴鞠）、陰陽師、稚児,藤棚の庭で蹴鞠、夜は陰陽師が星を読む,昼〜夜・春,Japanese bossa jazzhop,2時間,Heian Garden – Elegant Japanese Beats from Day to Night,蹴鞠／藤棚／星空
9,獅子舞、若殿と家臣団、招き猫（追加）,正月の城下町で獅子舞が若殿の前で舞う,朝・正月,Japanese jazz-funk groove,1時間,New Year Groove – Lucky Japanese Funk Beats,獅子舞／若殿／「福」
10,花魁（三味線持ち）、歌舞伎役者、琵琶法師（追加）,芝居小屋の夜。三味線・琵琶の競演と見得,夜・冬,Japanese jazzhop / boom bap,2時間,Edo Night Theater – Shamisen & Biwa Jazzhop,三味線／隈取／提灯
